n_qubits,target,iterations,shots,hits,success_rate,theory
3,5,0,1000,131,0.131,0.125
3,5,1,1000,781,0.781,0.7812
3,5,2,1000,947,0.947,0.9453
3,5,3,1000,322,0.322,0.3301
3,5,4,1000,13,0.013,0.0122
3,5,5,1000,524,0.524,0.548
3,5,6,1000,999,0.999,0.9998
3,5,7,1000,614,0.614,0.577
3,5,8,1000,18,0.018,0.0195
4,11,0,1000,47,0.047,0.0625
4,11,1,1000,481,0.481,0.4727
4,11,2,1000,917,0.917,0.9084
4,11,3,1000,959,0.959,0.9613
4,11,4,1000,601,0.601,0.5817
4,11,5,1000,116,0.116,0.1255
4,11,6,1000,14,0.014,0.0204
4,11,7,1000,356,0.356,0.3649
4,11,8,1000,824,0.824,0.8361
4,11,9,1000,993,0.993,0.9922
4,11,10,1000,691,0.691,0.6869
